phase,empathy_score
1,0.2870093807595254
2,0.3300740676087726
3,0.32487242228383933
4,0.3519455554725156
5,0.35763877984622156
6,0.3660084109967598
7,0.35399698839383703
8,0.34031625038457936
9,0.33572124643521684
10,0.33586274825236134
